school_name,classification,year,event,n_qualifiers,best_mark,avg_top3_mark
Aberdeen,2A,2015,1600m,1,268.04,
Adna,2B,2015,100m,1,12.46,
Adna,2B,2015,200m,1,25.82,
Almira C-H,1B,2015,100m,1,13.81,
Almira C-H,1B,2015,800m,1,143.23,
Anacortes,2A,2015,1600m,2,257.5,
Anacortes,2A,2015,3200m,2,561.29,
Anacortes,2A,2015,800m,1,138.14,
Archbishop Murphy,2A,2015,200m,1,22.54,
Arlington,3A,2015,1600m,1,259.26,
Arlington,3A,2015,3200m,1,556.04,
Asotin,2B,2015,1600m,3,261.19,285.46666666666664
Asotin,2B,2015,3200m,3,579.77,626.0233333333334
Auburn,3A,2015,100m,1,11.22,
Auburn Mountainview,3A,2015,1600m,1,260.21,
Auburn Mountainview,3A,2015,3200m,1,568.27,
Auburn Riverside,3A,2015,3200m,1,590.88,
Auburn Riverside,3A,2015,4x100,1,49.78,
Bainbridge,3A,2015,4x400,1,240.55,
Bainbridge,3A,2015,800m,1,135.44,
Ballard,3A,2015,1600m,1,267.58,
Ballard,3A,2015,3200m,2,616.66,
Ballard,3A,2015,800m,1,114.56,
Bellarmine Prep,4A,2015,1600m,2,252.14,
Bellarmine Prep,4A,2015,3200m,2,539.94,
Bellevue,3A,2015,1600m,1,318.82,
Bellevue,3A,2015,200m,1,22.5,
Bellevue,3A,2015,4x100,1,42.7,
Bellevue,3A,2015,4x400,2,202.69,
Bellevue Christian,1A,2015,1600m,1,359.65,
Bellevue Christian,1A,2015,3200m,2,641.92,
Bellingham,2A,2015,100m,1,12.97,
Bellingham,2A,2015,3200m,1,721.73,
Bellingham,2A,2015,4x100,2,43.28,
Bellingham,2A,2015,4x400,1,241.51,
Bickleton,1B,2015,100m,2,13.74,
Bickleton,1B,2015,1600m,1,286.97,
Bickleton,1B,2015,3200m,1,619.79,
Bickleton,1B,2015,4x400,1,223.39,
Black Hills,2A,2015,100m,1,11.41,
Blaine,2A,2015,800m,1,139.04,
Bonney Lake,3A,2015,1600m,1,266.99,
Bonney Lake,3A,2015,4x400,1,203.87,
Bonney Lake,3A,2015,800m,1,113.8,
Bothell,4A,2015,100m,1,12.28,
Bothell,4A,2015,1600m,1,264.68,
Bothell,4A,2015,200m,2,22.61,
Bothell,4A,2015,3200m,1,557.33,
Bothell,4A,2015,4x100,1,42.39,
Bremerton,2A,2015,100m,1,12.73,
Brewster,2B,2015,800m,1,150.76,
Bridgeport,2B,2015,1600m,1,276.97,
Bridgeport,2B,2015,3200m,2,602.29,
Burlington-Edison,2A,2015,1600m,1,264.29,
Burlington-Edison,2A,2015,3200m,1,582.64,
Burlington-Edison,2A,2015,4x400,1,254.55,
Camas,4A,2015,1600m,1,301.05,
Camas,4A,2015,3200m,3,561.75,621.3166666666667
Camas,4A,2015,4x100,1,43.43,
Camas,4A,2015,4x400,1,202.61,
Camas,4A,2015,800m,1,115.46000000000001,
Capital,3A,2015,100m,1,11.3,
Capital,3A,2015,1600m,1,315.6,
Capital,3A,2015,3200m,2,676.73,
Cascade Christian (Puyallup),1A,2015,4x100,1,8.0,
Cascade Christian (Puyallup),1A,2015,4x400,1,248.23,
Cascade-Leavenworth,1A,2015,100m,1,11.53,
Cascade-Leavenworth,1A,2015,1600m,1,321.56,
Cascade-Leavenworth,1A,2015,200m,1,23.09,
Cascade-Leavenworth,1A,2015,3200m,1,667.61,
Cascade-Leavenworth,1A,2015,4x100,1,50.24,
Cashmere,1A,2015,4x400,1,255.69,
Cedar P. Ch./Bo.,1A,2015,100m,2,11.4,
Cedar P. Ch./Bo.,1A,2015,1600m,1,274.04,
Cedar P. Ch./Bo.,1A,2015,200m,2,22.39,
Cedar P. Ch./Bo.,1A,2015,3200m,1,612.99,
Cedar Park Chr./Bothell,1A,2015,4x100,2,43.93,
Cedar Park Chr./Bothell,1A,2015,4x400,1,208.04,
Central Kitsap,3A,2015,100m,1,12.44,
Central Kitsap,3A,2015,1600m,2,260.51,
Central Kitsap,3A,2015,200m,1,25.31,
Central Kitsap,3A,2015,3200m,1,679.59,
Central Kitsap,3A,2015,4x100,1,49.66,
Central Kitsap,3A,2015,4x400,1,249.49,
Central Kitsap,3A,2015,800m,1,113.81,
Central Valley,4A,2015,1600m,2,255.01,
Central Valley,4A,2015,200m,1,25.39,
Central Valley,4A,2015,3200m,1,558.56,
Central Valley,4A,2015,4x100,1,49.21,
Central Valley,4A,2015,4x400,1,238.31,
Central Valley,4A,2015,800m,2,134.26,
Centralia,2A,2015,200m,1,22.69,
Chelan,1A,2015,1600m,1,286.52,
Chelan,1A,2015,3200m,1,620.48,
Cheney,2A,2015,4x100,1,50.15,
Cheney,2A,2015,800m,1,116.65,
Chiawana,4A,2015,100m,1,11.03,
Chiawana,4A,2015,200m,1,22.16,
Chief Sealth,3A,2015,4x100,1,49.79,
Christian Faith,1B,2015,100m,1,12.1,
Christian Faith,1B,2015,4x400,1,219.52,
Clallam Bay,1B,2015,1600m,1,386.42,
Clallam Bay,1B,2015,3200m,1,839.12,
Clallam Bay,1B,2015,4x100,1,55.17,
Clallam Bay,1B,2015,4x400,1,270.78,
Clarkston,2A,2015,800m,1,144.36,
Colfax,2B,2015,200m,1,26.52,
Colfax,2B,2015,4x100,1,52.79,
Colfax,2B,2015,4x400,1,254.46,
College Place,2B,2015,1600m,1,271.53,
College Place,2B,2015,800m,1,122.79,
Columbia (Hunters),1B,2015,3200m,1,711.77,
Columbia River,3A,2015,1600m,1,271.17,
Columbia River,3A,2015,3200m,1,575.67,
Columbia River,3A,2015,4x100,2,43.43,
Columbia-Burbank,1A,2015,800m,1,122.47,
Crescent,1B,2015,1600m,2,285.73,
Crescent,1B,2015,3200m,1,653.19,
Crescent,1B,2015,800m,1,127.03,
Crosspoint Academy,1B,2015,1600m,3,290.92,347.03333333333336
Crosspoint Academy,1B,2015,200m,1,28.13,
Crosspoint Academy,1B,2015,3200m,4,636.68,696.04
Crosspoint Academy,1B,2015,800m,1,127.3,
Curlew,1B,2015,1600m,1,286.21,
Curlew,1B,2015,3200m,1,645.97,
Curlew,1B,2015,800m,1,145.63,
Curtis,4A,2015,200m,1,22.45,
Curtis,4A,2015,3200m,1,726.28,
Curtis,4A,2015,4x100,1,49.02,
Cusick,1B,2015,100m,1,12.99,
Cusick,1B,2015,1600m,1,343.89,
Cusick,1B,2015,200m,1,26.55,
Cusick,1B,2015,4x100,1,55.12,
Cusick,1B,2015,4x400,1,264.5,
Dayton,2B,2015,100m,1,13.14,
DeSales,2B,2015,4x400,1,216.57999999999998,
Decatur,4A,2015,4x400,1,204.28,
Deer Park,1A,2015,1600m,1,311.16,
Deer Park,1A,2015,3200m,1,677.51,
Deer Park,1A,2015,4x100,1,50.57,
East Valley-Spokane,2A,2015,1600m,3,252.36,269.07666666666665
East Valley-Spokane,2A,2015,3200m,3,548.64,589.5866666666666
Eastlake,4A,2015,1600m,1,257.47,
Eastlake,4A,2015,3200m,1,683.33,
Eastlake,4A,2015,4x400,1,203.74,
Eastlake,4A,2015,800m,2,113.63,
Eastmont,4A,2015,100m,1,10.8,
Eastmont,4A,2015,200m,1,21.78,
Eastmont,4A,2015,3200m,2,598.34,
Eastmont,4A,2015,4x100,1,42.58,
Eastmont,4A,2015,4x400,1,201.14,
Eatonville,1A,2015,1600m,1,287.23,
Eatonville,1A,2015,3200m,3,652.48,723.8466666666667
Eatonville,1A,2015,4x100,2,44.49,
Eatonville,1A,2015,4x400,1,210.94,
Edmonds-Woodway,3A,2015,1600m,1,258.91,
Edmonds-Woodway,3A,2015,3200m,2,552.62,
Edmonds-Woodway,3A,2015,4x100,1,50.61,
Eisenhower,4A,2015,1600m,1,265.21,
Eisenhower,4A,2015,3200m,2,567.43,
Elma,1A,2015,1600m,1,279.14,
Elma,1A,2015,3200m,1,614.22,
Emerald Ridge,4A,2015,1600m,1,268.33,
Emerald Ridge,4A,2015,3200m,1,571.2,
Entiat,1B,2015,1600m,2,418.15999999999997,
Entiat,1B,2015,200m,1,29.0,
Entiat,1B,2015,3200m,2,940.4,
Entiat,1B,2015,4x100,1,56.03,
Entiat,1B,2015,4x400,1,259.67,
Entiat,1B,2015,800m,1,161.56,
Enumclaw,3A,2015,3200m,1,731.06,
Enumclaw,3A,2015,4x400,1,238.59,
Ephrata,2A,2015,1600m,1,325.77,
Ephrata,2A,2015,3200m,2,588.18,
Evergreen Lutheran,1B,2015,1600m,2,294.06,
Evergreen Lutheran,1B,2015,3200m,2,640.46,
Evergreen Lutheran,1B,2015,4x100,1,45.89,
Evergreen Lutheran,1B,2015,4x400,2,227.31,
Evergreen Lutheran,1B,2015,800m,1,145.89,
Evergreen-Seattle,2A,2015,1600m,2,271.3,
Evergreen-Seattle,2A,2015,3200m,3,579.89,620.37
Federal Way,4A,2015,100m,1,12.45,
Federal Way,4A,2015,200m,1,25.6,
Ferndale,3A,2015,200m,1,22.85,
Fife,2A,2015,200m,1,26.43,
Fife,2A,2015,4x100,1,49.76,
Firm Found. Chr.,1B,2015,1600m,2,328.09,
Forks,1A,2015,1600m,2,281.58,
Franklin,3A,2015,1600m,1,265.77,
Franklin Pierce,2A,2015,1600m,2,263.83,
Franklin Pierce,2A,2015,800m,2,118.57,
Freeman,1A,2015,4x400,1,248.46,
Garfield,3A,2015,100m,1,11.06,
Garfield,3A,2015,1600m,1,295.90999999999997,
Garfield,3A,2015,200m,2,22.31,
Garfield,3A,2015,800m,1,130.66,
Gig Harbor,4A,2015,1600m,1,295.39,
Gig Harbor,4A,2015,3200m,3,561.42,592.1233333333333
Glacier Peak,3A,2015,1600m,1,317.36,
Glacier Peak,3A,2015,3200m,1,669.35,
Glacier Peak,3A,2015,4x400,1,204.49,
Glacier Peak,3A,2015,800m,1,136.23,
Goldendale,1A,2015,3200m,1,621.12,
Grace Academy,1B,2015,100m,1,11.99,
Grace Academy,1B,2015,1600m,1,449.56,
Grace Academy,1B,2015,200m,1,24.16,
Grace Academy,1B,2015,4x100,1,45.97,
Grace Academy,1B,2015,4x400,1,225.53,
Graham-Kapowsin,4A,2015,100m,1,11.07,
Graham-Kapowsin,4A,2015,200m,1,22.55,
Graham-Kapowsin,4A,2015,4x100,1,41.75,
Hanford,3A,2015,100m,1,11.17,
Hanford,3A,2015,3200m,1,703.23,
Hanford,3A,2015,4x100,1,43.47,
Hazen,3A,2015,1600m,1,332.58,
Hazen,3A,2015,800m,1,115.4,
Henry Foss,3A,2015,4x400,1,204.51,
Henry Jackson,4A,2015,1600m,1,256.85,
Henry Jackson,4A,2015,3200m,2,550.42,
Henry Jackson,4A,2015,800m,1,115.9,
Heritage,4A,2015,100m,1,12.31,
Highland,1A,2015,1600m,1,271.79,
Highland,1A,2015,3200m,1,616.37,
Holy Names Academy,3A,2015,100m,1,12.44,
Holy Names Academy,3A,2015,1600m,2,287.11,
Holy Names Academy,3A,2015,200m,1,25.29,
Holy Names Academy,3A,2015,3200m,1,634.51,
Holy Names Academy,3A,2015,4x400,1,245.05,
Holy Names Academy,3A,2015,800m,1,130.45,
Hoquiam,1A,2015,100m,1,13.1,
Hoquiam,1A,2015,200m,1,26.05,
Hoquiam,1A,2015,4x100,2,44.02,
Ilwaco,2B,2015,100m,1,13.16,
Ilwaco,2B,2015,1600m,1,341.76,
Ilwaco,2B,2015,200m,1,27.12,
Ilwaco,2B,2015,4x100,1,52.44,
Ilwaco,2B,2015,4x400,2,212.22,
Inglemoor,4A,2015,3200m,1,552.93,
Inglemoor,4A,2015,4x400,1,202.43,
Ingraham,3A,2015,1600m,1,256.98,
Ingraham,3A,2015,3200m,1,557.03,
Interlake,3A,2015,1600m,1,277.04,
Interlake,3A,2015,3200m,1,601.77,
Issaquah,4A,2015,100m,1,12.33,
Issaquah,4A,2015,1600m,1,295.27,
Issaquah,4A,2015,3200m,1,663.91,
Issaquah,4A,2015,4x100,1,48.75,
Issaquah,4A,2015,4x400,1,10.0,
Issaquah,4A,2015,800m,1,132.72,
Joel Ferris,4A,2015,100m,1,10.96,
Joel Ferris,4A,2015,800m,1,113.91,
Juanita,3A,2015,200m,1,22.46,
Juanita,3A,2015,3200m,1,709.82,
Juanita,3A,2015,4x100,1,42.8,
Juanita,3A,2015,4x400,1,205.42000000000002,
Kalama,1A,2015,1600m,1,280.89,
Kalama,1A,2015,3200m,1,634.69,
Kamiakin,3A,2015,100m,1,12.51,
Kamiakin,3A,2015,4x100,1,48.57,
Kennedy Catholic,3A,2015,100m,1,12.29,
Kennedy Catholic,3A,2015,200m,1,25.27,
Kent Meridian,4A,2015,4x100,1,48.85,
Kentridge,4A,2015,4x100,1,43.07,
Kentwood,4A,2015,100m,2,11.09,
Kentwood,4A,2015,200m,1,22.6,
Kentwood,4A,2015,4x100,2,41.84,
King's,1A,2015,100m,2,11.45,
King's,1A,2015,1600m,1,264.41,
King's,1A,2015,200m,2,22.81,
King's,1A,2015,4x100,2,43.69,
King's,1A,2015,4x400,1,10.0,
King's,1A,2015,800m,3,116.18,126.98333333333335
King's Way Chr.,1A,2015,200m,1,26.51,
Kingston,2A,2015,4x400,1,210.16,
Kiona-Benton,1A,2015,1600m,1,281.82,
Kittitas,2B,2015,4x100,1,45.13,
Klahowya,1A,2015,1600m,1,263.32,
Klahowya,1A,2015,3200m,1,767.37,
Klahowya,1A,2015,800m,1,116.39,
La Center,1A,2015,100m,1,11.76,
La Center,1A,2015,200m,1,23.68,
La Conner,2B,2015,100m,1,13.23,
La Conner,2B,2015,1600m,2,306.01,
La Conner,2B,2015,200m,1,27.6,
La Conner,2B,2015,3200m,2,677.91,
La Conner,2B,2015,4x100,2,46.4,
La Salle,1A,2015,100m,1,12.88,
La Salle,1A,2015,1600m,1,291.64,
La Salle,1A,2015,200m,1,26.1,
La Salle,1A,2015,3200m,1,628.37,
Lake Stevens,4A,2015,800m,1,114.58,
Lakeside,1A,2015,1600m,1,320.84,
Lakeside,1A,2015,3200m,1,705.82,
Lakeside,1A,2015,4x100,1,51.12,
Lakeside,1A,2015,4x400,1,211.94,
Lakeside,1A,2015,800m,1,143.8,
Lakeside,3A,2015,1600m,2,297.31,
Lakeside,3A,2015,3200m,1,644.19,
Lakeside,3A,2015,800m,1,131.98,
Lakewood,2A,2015,100m,1,11.18,
Lakewood,2A,2015,1600m,1,264.41,
Lakewood,2A,2015,200m,1,22.61,
Lakewood,2A,2015,3200m,1,569.84,
Lakewood,2A,2015,4x100,1,43.24,
Lakewood,2A,2015,800m,1,141.34,
Lewis and Clark,4A,2015,100m,1,12.13,
Lewis and Clark,4A,2015,200m,1,25.2,
Lewis and Clark,4A,2015,4x100,1,48.53,
Liberty Bell,2B,2015,1600m,1,278.25,
Liberty Bell,2B,2015,3200m,2,604.74,
Liberty Bell,2B,2015,4x100,1,45.07,
Liberty-Issaquah,2A,2015,100m,1,12.53,
Liberty-Issaquah,2A,2015,1600m,4,262.89,285.43333333333334
Liberty-Issaquah,2A,2015,3200m,4,572.51,610.9166666666666
Liberty-Issaquah,2A,2015,4x100,1,49.42,
Liberty-Issaquah,2A,2015,4x400,1,248.76,
Life Chr.,2B,2015,1600m,1,286.1,
Lind-Ritzville,2B,2015,100m,3,11.68,12.703333333333333
Lind-Ritzville,2B,2015,1600m,1,309.63,
Lind-Ritzville,2B,2015,200m,2,23.57,
Lind-Ritzville,2B,2015,3200m,1,664.63,
Lind-Ritzville,2B,2015,4x100,1,51.31,
Lind-Ritzville,2B,2015,4x400,1,255.38,
Lind-Ritzville,2B,2015,800m,2,142.3,
Lindbergh,2A,2015,100m,1,11.21,
Lindbergh,2A,2015,200m,1,21.86,
Lindbergh,2A,2015,3200m,1,711.97,
Lummi,1B,2015,1600m,1,10.0,
Lummi,1B,2015,200m,1,23.7,
Lummi,1B,2015,3200m,1,639.67,
Lummi,1B,2015,800m,1,120.95,
Lyle/Wishram,1B,2015,100m,1,12.09,
Lyle/Wishram,1B,2015,200m,1,24.42,
Lyle/Wishram,1B,2015,4x100,2,46.52,
Lyle/Wishram,1B,2015,4x400,1,222.01,
Lynden,2A,2015,1600m,1,315.52,
Lynden,2A,2015,3200m,1,675.03,
Lynden,2A,2015,4x400,2,203.17000000000002,
Lynden Christian,1A,2015,100m,1,12.9,
Lynden Christian,1A,2015,4x100,1,10.0,
Lynden Christian,1A,2015,4x400,1,243.45,
Lynnwood,3A,2015,1600m,2,295.65999999999997,
Lynnwood,3A,2015,200m,1,25.42,
Lynnwood,3A,2015,3200m,1,640.03,
Lynnwood,3A,2015,4x400,1,236.4,
Lynnwood,3A,2015,800m,1,134.02,
Manson,2B,2015,3200m,1,896.54,
Manson,2B,2015,4x100,1,53.04,
Mark Morris,2A,2015,1600m,2,270.55,
Mark Morris,2A,2015,3200m,2,621.86,
Marysville Getchell,3A,2015,4x400,1,203.05,
Marysville Getchell,3A,2015,800m,1,115.03,
Mead,4A,2015,3200m,1,571.99,
Medical Lake,1A,2015,100m,3,11.36,12.020000000000001
Medical Lake,1A,2015,1600m,1,262.6,
Medical Lake,1A,2015,200m,2,22.45,
Medical Lake,1A,2015,3200m,1,603.01,
Medical Lake,1A,2015,4x100,1,43.28,
Medical Lake,1A,2015,800m,1,116.03,
Mercer Island,3A,2015,100m,1,12.49,
Mercer Island,3A,2015,200m,1,25.55,
Mercer Island,3A,2015,3200m,1,692.12,
Mercer Island,3A,2015,800m,1,114.58,
Meridian,1A,2015,1600m,1,269.49,
Meridian,1A,2015,200m,1,23.19,
Meridian,1A,2015,3200m,1,593.23,
Meridian,1A,2015,4x400,1,247.84,
Montesano,1A,2015,1600m,1,340.86,
Montesano,1A,2015,3200m,1,749.68,
Morton-White Pass,2B,2015,200m,1,24.1,
Morton-White Pass,2B,2015,800m,1,143.0,
Moses Lake,4A,2015,100m,1,12.71,
Moses Lake,4A,2015,200m,1,25.66,
Moses Lake,4A,2015,4x400,1,239.19,
Mossyrock,2B,2015,1600m,1,328.46,
Mossyrock,2B,2015,3200m,1,739.4,
Mossyrock,2B,2015,4x400,1,212.35,
Mount Baker,1A,2015,800m,2,116.61,
Mount Rainier Lutheran,1B,2015,4x100,1,8.0,
Mount Rainier Lutheran,1B,2015,4x400,2,216.06,
Mount Vernon Christian,1B,2015,4x100,2,45.42,
Mount Vernon Christian,1B,2015,4x400,1,214.8,
Mountlake Terrace,3A,2015,800m,1,135.65,
Mt Si,4A,2015,1600m,2,308.23,
Mt Si,4A,2015,200m,1,25.94,
Mt Si,4A,2015,3200m,1,661.66,
Mt Spokane,3A,2015,1600m,2,255.26,
Mt Spokane,3A,2015,3200m,1,540.32,
Mt Spokane,3A,2015,4x100,1,43.55,
Mt Spokane,3A,2015,4x400,1,204.98,
Mt. Rainier Luth,1B,2015,100m,2,11.51,
Mt. Rainier Luth,1B,2015,200m,2,24.43,
Mt. Rainier Luth,1B,2015,3200m,2,956.34,
Mt. Vernon Ch,1B,2015,100m,1,11.83,
Mt. Vernon Ch,1B,2015,1600m,1,352.59000000000003,
Mt. Vernon Ch,1B,2015,200m,1,23.86,
Mt. Vernon Ch,1B,2015,3200m,1,792.03,
Mt. Vernon Ch,1B,2015,800m,1,164.85,
NW Chr. (Colb.),2B,2015,1600m,1,271.04,
NW Chr. (Colb.),2B,2015,200m,1,26.95,
NW Chr. (Colb.),2B,2015,3200m,2,604.09,
NW Chr. (Colb.),2B,2015,800m,2,118.36,
NW Chr. (Lacey),2B,2015,1600m,7,262.71,277.53
NW Chr. (Lacey),2B,2015,200m,1,27.02,
NW Chr. (Lacey),2B,2015,3200m,8,590.27,609.1466666666666
NW Chr. (Lacey),2B,2015,800m,4,121.0,124.40666666666668
Nathan Hale,3A,2015,1600m,1,257.6,
Nathan Hale,3A,2015,3200m,1,581.32,
Neah Bay,1B,2015,4x100,1,10.0,
Nooksack Valley,1A,2015,3200m,1,699.71,
North Beach,2B,2015,4x100,1,45.48,
North Central,3A,2015,1600m,1,257.18,
North Central,3A,2015,3200m,1,549.27,
North Kitsap,2A,2015,1600m,1,268.81,
North Kitsap,2A,2015,4x400,1,208.64,
North Kitsap,2A,2015,800m,1,117.66,
North Mason,2A,2015,200m,1,26.0,
North Mason,2A,2015,4x100,1,44.32,
North River,1B,2015,1600m,1,320.2,
North River,1B,2015,3200m,3,717.92,812.7066666666666
North Thurston,3A,2015,1600m,1,263.05,
North Thurston,3A,2015,3200m,1,575.47,
North Thurston,3A,2015,4x400,1,242.56,
Northwest,1A,2015,100m,1,13.16,
Northwest,1A,2015,1600m,4,266.45,298.04999999999995
Northwest,1A,2015,200m,1,26.14,
Northwest,1A,2015,3200m,3,584.48,651.3166666666666
Northwest Chr. (Colbert),2B,2015,4x100,1,46.07,
Northwest Chr. (Colbert),2B,2015,4x400,1,211.05,
Northwest Chr. (Lacey),2B,2015,4x400,2,217.99,
O'Dea,3A,2015,100m,2,11.02,
O'Dea,3A,2015,4x100,1,42.75,
O'Dea,3A,2015,4x400,1,208.16,
Oak Harbor,3A,2015,1600m,1,257.08,
Oak Harbor,3A,2015,3200m,1,551.71,
Oak Harbor,3A,2015,4x100,1,50.75,
Oak Harbor,3A,2015,800m,1,112.61,
Ocosta,2B,2015,1600m,1,375.75,
Ocosta,2B,2015,3200m,1,826.16,
Ocosta,2B,2015,4x400,1,259.01,
Odessa-Harrington,1B,2015,100m,2,11.51,
Odessa-Harrington,1B,2015,200m,2,23.3,
Okanogan,2B,2015,100m,2,11.48,
Okanogan,2B,2015,200m,1,23.56,
Okanogan,2B,2015,3200m,1,860.61,
Okanogan,2B,2015,4x100,2,44.73,
Okanogan,2B,2015,4x400,1,256.18,
Olympic,2A,2015,100m,1,12.88,
Olympic,2A,2015,4x100,2,44.51,
Onalaska,2B,2015,100m,1,11.88,
Onalaska,2B,2015,1600m,1,285.23,
Onalaska,2B,2015,3200m,1,772.12,
Pasco,4A,2015,100m,1,10.96,
Pasco,4A,2015,200m,1,22.08,
Pe Ell,2B,2015,200m,1,23.5,
Peninsula,3A,2015,100m,1,12.52,
Peninsula,3A,2015,1600m,1,331.62,
Peninsula,3A,2015,3200m,1,581.64,
Pomeroy,1B,2015,4x100,1,54.9,
Port Angeles,2A,2015,1600m,2,264.06,
Port Angeles,2A,2015,3200m,2,575.53,
Port Townsend,1A,2015,1600m,2,271.51,
Port Townsend,1A,2015,3200m,1,579.46,
Port Townsend,1A,2015,4x100,1,44.95,
Port Townsend,1A,2015,800m,1,122.58,
Prairie,3A,2015,100m,1,12.42,
Prairie,3A,2015,3200m,1,708.84,
Pullman,2A,2015,100m,1,12.43,
Pullman,2A,2015,200m,1,26.06,
Pullman,2A,2015,4x100,1,49.54,
Pullman,2A,2015,4x400,1,251.64,
Puyallup,4A,2015,1600m,1,310.4,
Puyallup,4A,2015,3200m,1,692.08,
R A Long,2A,2015,1600m,1,255.92,
R A Long,2A,2015,800m,1,115.49000000000001,
Rainier,2B,2015,200m,1,23.89,
Rainier Beach,3A,2015,100m,1,11.04,
Rainier Beach,3A,2015,200m,1,22.24,
Raymond,2B,2015,100m,2,11.28,
Raymond,2B,2015,200m,1,23.19,
Raymond,2B,2015,4x100,1,44.26,
Raymond,2B,2015,4x400,1,208.15,
Reardan,2B,2015,4x400,1,254.62,
Renton,2A,2015,100m,1,12.64,
Renton,2A,2015,200m,1,25.82,
Renton,2A,2015,3200m,1,727.75,
Renton,2A,2015,4x100,1,44.35,
Republic,1B,2015,1600m,3,293.32,327.68333333333334
Republic,1B,2015,3200m,4,660.35,706.9233333333333
Republic,1B,2015,4x400,2,231.06,
Republic,1B,2015,800m,2,148.25,
Richland,4A,2015,1600m,1,297.78,
Richland,4A,2015,3200m,1,630.66,
Richland,4A,2015,4x400,1,234.95,
Ridgefield,2A,2015,200m,1,26.53,
Ridgefield,2A,2015,3200m,1,568.62,
Ridgefield,2A,2015,4x400,1,251.16,
River Ridge,2A,2015,100m,2,11.17,
River Ridge,2A,2015,200m,1,21.75,
River Ridge,2A,2015,4x100,1,41.93,
Riverside,1A,2015,1600m,1,270.94,
Riverside,1A,2015,3200m,1,603.27,
Riverside,1A,2015,4x400,1,206.31,
Riverside,1A,2015,800m,2,118.63,
Riverside Christian,1B,2015,100m,1,13.66,
Riverside Christian,1B,2015,1600m,1,364.73,
Riverside Christian,1B,2015,200m,1,28.81,
Riverside Christian,1B,2015,3200m,1,799.17,
Riverside Christian,1B,2015,4x100,1,54.88,
Rogers-Puyallup,4A,2015,100m,1,11.06,
Rogers-Puyallup,4A,2015,1600m,1,300.7,
Rogers-Puyallup,4A,2015,4x100,1,48.58,
Rogers-Puyallup,4A,2015,800m,1,133.23,
Rogers-Spokane,3A,2015,200m,1,22.96,
Roosevelt,3A,2015,3200m,1,669.55,
Royal,1A,2015,1600m,1,342.93,
Royal,1A,2015,3200m,1,753.94,
Sammamish,2A,2015,1600m,1,326.89,
Sammamish,2A,2015,3200m,1,561.97,
Sammamish,2A,2015,800m,1,118.71000000000001,
Seattle Academy,1A,2015,4x400,1,246.67,
Seattle Christian,1A,2015,100m,1,12.77,
Seattle Christian,1A,2015,200m,1,25.64,
Seattle Christian,1A,2015,4x400,1,263.48,
Seattle Christian,1A,2015,800m,1,146.61,
Seattle Lutheran,1B,2015,100m,1,13.87,
Seattle Lutheran,1B,2015,200m,1,28.93,
Seattle Prep,3A,2015,1600m,1,262.3,
Seattle Prep,3A,2015,200m,1,22.53,
Seattle Prep,3A,2015,3200m,2,560.21,
Sedro-Woolley,2A,2015,200m,1,23.13,
Sedro-Woolley,2A,2015,4x100,1,43.76,
Sedro-Woolley,2A,2015,4x400,1,205.72,
Sedro-Woolley,2A,2015,800m,2,120.1,
Sehome,2A,2015,1600m,3,270.94,298.92333333333335
Sehome,2A,2015,3200m,2,657.09,
Sehome,2A,2015,4x100,1,51.27,
Sehome,2A,2015,4x400,1,237.45,
Sehome,2A,2015,800m,1,117.89,
Selah,2A,2015,100m,1,11.3,
Selah,2A,2015,1600m,1,265.97,
Selah,2A,2015,200m,1,22.32,
Selah,2A,2015,800m,1,114.96000000000001,
Sequim,2A,2015,4x400,2,202.53,
Sequim,2A,2015,800m,1,140.84,
Seton Catholic,1A,2015,1600m,1,346.47,
Seton Catholic,1A,2015,3200m,1,762.18,
Shadle Park,3A,2015,100m,1,12.52,
Shadle Park,3A,2015,1600m,1,311.36,
Shadle Park,3A,2015,200m,1,25.93,
Shadle Park,3A,2015,3200m,1,664.54,
Shorecrest,2A,2015,100m,1,12.06,
Shorecrest,2A,2015,200m,1,25.0,
Shoreline Christian,1B,2015,1600m,1,271.58,
Shoreline Christian,1B,2015,3200m,1,614.94,
Shoreline Christian,1B,2015,800m,2,122.66,
Shorewood,3A,2015,4x100,1,43.33,
Shorewood,3A,2015,800m,1,113.14,
Shorewood Christian,1B,2015,1600m,1,384.4,
Shorewood Christian,1B,2015,200m,1,24.82,
Skyline,4A,2015,200m,1,22.28,
Skyline,4A,2015,4x400,1,234.42000000000002,
Skyline,4A,2015,800m,1,134.72,
Skyview,4A,2015,1600m,2,259.3,
Skyview,4A,2015,3200m,1,552.87,
Skyview,4A,2015,4x400,1,239.16,
Skyview,4A,2015,800m,1,136.25,
Snohomish,4A,2015,1600m,1,263.06,
Snohomish,4A,2015,3200m,1,552.69,
Snohomish,4A,2015,4x400,1,238.36,
Soap Lake,2B,2015,1600m,1,370.44,
South Kitsap,4A,2015,1600m,1,256.09,
South Kitsap,4A,2015,4x400,1,203.53,
South Kitsap,4A,2015,800m,1,113.53,
South Whidbey,1A,2015,4x400,1,215.64,
South Whidbey,1A,2015,800m,1,137.34,
Southridge,3A,2015,4x100,1,48.79,
Squalicum,2A,2015,200m,1,26.08,
Squalicum,2A,2015,4x100,1,49.13,
St. George's,2B,2015,100m,2,11.82,
St. George's,2B,2015,1600m,3,8.0,95.69666666666666
St. George's,2B,2015,200m,2,24.29,
St. George's,2B,2015,3200m,2,635.57,
St. George's,2B,2015,4x100,1,44.55,
St. George's,2B,2015,4x400,2,212.3,
St. George's,2B,2015,800m,3,120.05,133.28
Sumner,3A,2015,1600m,1,320.53,
Sumner,3A,2015,4x100,1,43.51,
Sumner,3A,2015,4x400,1,240.18,
Sumner,3A,2015,800m,1,135.71,
Tacoma Baptist,2B,2015,4x100,1,52.11,
Tahoma,4A,2015,100m,1,12.22,
Tahoma,4A,2015,1600m,5,258.43,272.87
Tahoma,4A,2015,200m,1,25.05,
Tahoma,4A,2015,3200m,3,595.89,646.8666666666667
Tahoma,4A,2015,4x400,1,202.11,
Tahoma,4A,2015,800m,1,116.19,
Tekoa-Rosalia,2B,2015,100m,1,11.52,
Tekoa-Rosalia,2B,2015,200m,1,23.25,
Thorp-Easton,1B,2015,1600m,1,380.56,
Thorp-Easton,1B,2015,200m,1,30.42,
Thorp-Easton,1B,2015,3200m,1,841.91,
Timberline,4A,2015,4x100,1,42.77,
Todd Beamer,4A,2015,3200m,1,696.76,
Toledo,2B,2015,3200m,1,644.75,
Tonasket,2B,2015,1600m,2,300.76,
Tonasket,2B,2015,3200m,1,624.99,
Tonasket,2B,2015,4x100,1,51.95,
Toutle Lake,2B,2015,1600m,1,362.24,
Toutle Lake,2B,2015,3200m,1,766.74,
Trout Lake,1B,2015,100m,1,13.9,
Trout Lake,1B,2015,4x400,1,265.32,
Trout Lake,1B,2015,800m,1,130.93,
Tumwater,2A,2015,1600m,2,318.07,
Tumwater,2A,2015,800m,1,144.89,
Union,4A,2015,100m,1,12.72,
Union,4A,2015,1600m,1,322.66,
Union,4A,2015,200m,1,24.87,
Union,4A,2015,4x100,1,48.74,
Union,4A,2015,4x400,1,8.0,
University,4A,2015,1600m,1,257.7,
Valley Christian,1B,2015,3200m,1,893.23,
Valley Christian,1B,2015,4x100,1,55.04,
Valley Christian,1B,2015,4x400,1,268.7,
Valley Christian,1B,2015,800m,1,124.98,
Vashon Island,1A,2015,100m,1,13.16,
Vashon Island,1A,2015,200m,1,26.38,
W F West,2A,2015,3200m,1,715.68,
Waitsburg-Prescott,2B,2015,3200m,1,733.42,
Waitsburg-Prescott,2B,2015,4x400,1,216.7,
Walla Walla,4A,2015,3200m,1,698.44,
Wapato,2A,2015,4x400,1,206.16,
Washougal,2A,2015,3200m,1,706.76,
Waterville,2B,2015,1600m,2,324.42,
Waterville,2B,2015,3200m,1,800.25,
Wellpinit,1B,2015,1600m,4,303.02,306.41333333333336
Wellpinit,1B,2015,3200m,1,687.95,
Wellpinit,1B,2015,4x100,1,47.45,
Wellpinit,1B,2015,800m,1,172.9,
Wenatchee,4A,2015,1600m,2,253.57,
Wenatchee,4A,2015,4x400,1,201.14,
Wenatchee,4A,2015,800m,1,113.05,
West Valley-Spokane,2A,2015,100m,1,11.24,
West Valley-Spokane,2A,2015,1600m,1,308.06,
West Valley-Spokane,2A,2015,200m,1,22.6,
West Valley-Spokane,2A,2015,3200m,1,683.62,
West Valley-Spokane,2A,2015,4x100,1,42.58,
West Valley-Spokane,2A,2015,4x400,1,203.9,
West Valley-Yakima,4A,2015,1600m,1,315.24,
White Salmon,1A,2015,1600m,1,348.75,
White Salmon,1A,2015,3200m,1,656.14,
White Salmon,1A,2015,4x400,1,211.42000000000002,
White Salmon,1A,2015,800m,1,147.74,
White Swan,2B,2015,1600m,1,290.54,
Wilbur-Creston,2B,2015,800m,1,121.06,
Wishkah Valley,1B,2015,100m,1,11.77,
Wishkah Valley,1B,2015,1600m,1,294.17,
Wishkah Valley,1B,2015,200m,1,24.09,
Wishkah Valley,1B,2015,3200m,1,722.82,
Wishkah Valley,1B,2015,800m,1,127.32,
Woodinville,4A,2015,1600m,1,301.03,
Woodinville,4A,2015,800m,1,132.03,
Woodland,2A,2015,100m,2,11.41,
Woodland,2A,2015,200m,1,26.09,
Woodrow Wilson,3A,2015,100m,1,11.07,
Woodrow Wilson,3A,2015,200m,2,22.51,
Yakama Nat. Tri.,1B,2015,1600m,1,302.38,
Yakama Nat. Tri.,1B,2015,3200m,1,711.79,
Zillah,1A,2015,100m,1,11.7,
Zillah,1A,2015,1600m,4,284.79,311.7033333333333
Zillah,1A,2015,200m,1,23.09,
Zillah,1A,2015,3200m,4,608.75,672.62
Zillah,1A,2015,4x100,1,44.48,
Zillah,1A,2015,4x400,1,207.51,
Zillah,1A,2015,800m,1,148.24,
A.C. Davis,4A,2015,High Jump,1,63.0,
Adna,2B,2015,High Jump,1,58.0,
Adna,2B,2015,Long Jump,2,220.0,
Almira C-H,1B,2015,Long Jump,1,200.25,
Almira C-H,1B,2015,Triple Jump,1,389.25,
Arlington,3A,2015,Discus,3,1701.0,1610.3333333333333
Arlington,3A,2015,Long Jump,2,248.5,
Arlington,3A,2015,Shot Put,2,599.5,
Arlington,3A,2015,Triple Jump,2,527.0,
Asotin,2B,2015,Discus,2,1930.0,
Asotin,2B,2015,Long Jump,1,231.0,
Asotin,2B,2015,Shot Put,1,554.5,
Asotin,2B,2015,Triple Jump,1,477.25,
Auburn,3A,2015,High Jump,2,64.0,
Auburn Mountainview,3A,2015,Discus,2,1799.0,
Auburn Mountainview,3A,2015,High Jump,2,70.0,
Auburn Mountainview,3A,2015,Shot Put,2,636.0,
Auburn Riverside,3A,2015,Long Jump,1,208.75,
Auburn Riverside,3A,2015,Triple Jump,1,462.25,
Bainbridge,3A,2015,High Jump,1,2.0,
Ballard,3A,2015,Discus,2,1479.0,
Ballard,3A,2015,Long Jump,1,200.25,
Ballard,3A,2015,Shot Put,1,531.5,
Battle Ground,4A,2015,Discus,1,1485.0,
Battle Ground,4A,2015,Shot Put,1,504.0,
Battle Ground,4A,2015,Triple Jump,1,517.0,
Bear Creek,1A,2015,Long Jump,1,268.5,
Bear Creek,1A,2015,Triple Jump,1,574.0,
Bellevue,3A,2015,Discus,1,1473.0,
Bellevue,3A,2015,High Jump,1,80.0,
Bellevue,3A,2015,Long Jump,1,251.25,
Bellevue,3A,2015,Triple Jump,1,568.75,
Bellevue Christian,1A,2015,Discus,1,1151.0,
Bellevue Christian,1A,2015,High Jump,1,58.0,
Bellevue Christian,1A,2015,Shot Put,1,500.25,
Bellingham,2A,2015,Discus,1,2069.0,
Bickleton,1B,2015,Discus,1,1458.0,
Bickleton,1B,2015,High Jump,2,74.0,
Bishop Blanchet,3A,2015,Discus,1,1504.0,
Bishop Blanchet,3A,2015,Long Jump,3,238.5,207.16666666666666
Bishop Blanchet,3A,2015,Shot Put,2,573.25,
Bishop Blanchet,3A,2015,Triple Jump,3,517.5,482.8333333333333
Black Hills,2A,2015,High Jump,1,72.0,
Black Hills,2A,2015,Shot Put,1,384.0,
Blaine,2A,2015,Discus,1,1353.0,
Blaine,2A,2015,High Jump,1,6.0,
Blaine,2A,2015,Shot Put,2,610.75,
Bonney Lake,3A,2015,Shot Put,2,600.25,
Bothell,4A,2015,High Jump,1,74.0,
Bothell,4A,2015,Long Jump,2,261.0,
Bremerton,2A,2015,High Jump,1,75.0,
Bremerton,2A,2015,Shot Put,1,545.25,
Brewster,2B,2015,Discus,1,1343.0,
Brewster,2B,2015,Shot Put,1,540.0,
Bridgeport,2B,2015,Discus,2,1438.0,
Bridgeport,2B,2015,High Jump,1,70.0,
Bridgeport,2B,2015,Shot Put,1,422.25,
Burlington-Edison,2A,2015,Discus,1,1190.0,
Burlington-Edison,2A,2015,Long Jump,2,208.25,
Burlington-Edison,2A,2015,Shot Put,1,396.25,
Burlington-Edison,2A,2015,Triple Jump,1,418.75,
Camas,4A,2015,Discus,1,1653.0,
Camas,4A,2015,Shot Put,1,472.0,
Capital,3A,2015,Long Jump,1,277.5,
Capital,3A,2015,Shot Put,1,394.25,
Capital,3A,2015,Triple Jump,1,552.25,
Casc. Ch. (Puy),1A,2015,Discus,1,1323.0,
Casc. Ch. (Puy),1A,2015,High Jump,2,68.0,
Casc. Ch. (Puy),1A,2015,Shot Put,1,527.0,
Casc. Ch. (Puy),1A,2015,Triple Jump,2,486.0,
Cascade-Leavenworth,1A,2015,Long Jump,1,190.75,
Cascade-Leavenworth,1A,2015,Triple Jump,1,364.0,
Cashmere,1A,2015,High Jump,1,72.0,
Cashmere,1A,2015,Long Jump,1,252.75,
Cashmere,1A,2015,Triple Jump,1,516.25,
Castle Rock,1A,2015,Discus,1,1515.0,
Cedar P. Ch./Bo.,1A,2015,Discus,1,1390.0,
Cedar P. Ch./Bo.,1A,2015,Shot Put,2,528.5,
Cedar Park Chr.,1B,2015,Discus,1,1258.0,
Cedar Park Chr.,1B,2015,Shot Put,1,353.0,
Cedar Park Chr.,1B,2015,Triple Jump,1,453.5,
Central Kitsap,3A,2015,Discus,1,1861.0,
Central Valley,4A,2015,High Jump,2,60.0,
Central Valley,4A,2015,Shot Put,1,567.75,
Centralia,2A,2015,High Jump,1,70.0,
Charles W. Acad.,1A,2015,High Jump,1,68.0,
Charles W. Acad.,1A,2015,Shot Put,1,345.0,
Chelan,1A,2015,Discus,1,1974.0,
Chelan,1A,2015,High Jump,1,60.0,
Chelan,1A,2015,Shot Put,1,654.5,
Cheney,2A,2015,Triple Jump,1,432.0,
Chewelah,1A,2015,Discus,1,1742.0,
Chewelah,1A,2015,Shot Put,2,451.5,
Chewelah,1A,2015,Triple Jump,1,415.0,
Chief Sealth,3A,2015,Shot Put,1,381.0,
Chief Sealth,3A,2015,Triple Jump,1,528.0,
Christian Faith,1B,2015,Discus,1,1269.0,
Christian Faith,1B,2015,High Jump,1,59.0,
Christian Faith,1B,2015,Shot Put,1,430.0,
Clallam Bay,1B,2015,High Jump,3,66.0,58.666666666666664
Clallam Bay,1B,2015,Long Jump,2,243.0,
Clallam Bay,1B,2015,Shot Put,1,379.0,
Clallam Bay,1B,2015,Triple Jump,1,349.25,
Clarkston,2A,2015,Discus,1,1272.0,
Clarkston,2A,2015,Long Jump,1,258.75,
Clarkston,2A,2015,Triple Jump,2,559.75,
Cle Elum/Roslyn,1A,2015,Shot Put,1,528.0,
Cle Elum/Roslyn,1A,2015,Triple Jump,1,483.75,
Clover Park,2A,2015,Discus,1,1422.0,
Clover Park,2A,2015,Long Jump,1,176.75,
Clover Park,2A,2015,Shot Put,1,614.5,
Clover Park,2A,2015,Triple Jump,1,433.0,
Colfax,2B,2015,Discus,1,2060.0,
Colfax,2B,2015,High Jump,2,68.0,
Colfax,2B,2015,Shot Put,2,540.5,
Columbia (Hunters),1B,2015,Discus,1,917.0,
Columbia (Hunters),1B,2015,Shot Put,2,441.25,
Columbia River,3A,2015,Discus,2,1392.0,
Columbia River,3A,2015,High Jump,1,58.0,
Columbia River,3A,2015,Long Jump,3,206.5,132.41666666666666
Columbia River,3A,2015,Triple Jump,2,507.75,
Columbia-Burbank,1A,2015,Discus,1,1509.0,
Columbia-Burbank,1A,2015,High Jump,2,77.0,
Colville,1A,2015,Long Jump,2,255.5,
Connell,1A,2015,Discus,1,1776.0,
Connell,1A,2015,High Jump,1,74.0,
Connell,1A,2015,Shot Put,1,592.75,
Coupeville,1A,2015,Discus,1,1764.0,
Coupeville,1A,2015,Shot Put,1,338.5,
Crescent,1B,2015,Discus,4,1403.0,1267.0
Crescent,1B,2015,High Jump,1,52.0,
Crescent,1B,2015,Shot Put,3,468.0,424.0
Crescent,1B,2015,Triple Jump,3,434.0,385.8333333333333
Crosspoint Academy,1B,2015,Long Jump,2,222.25,
Crosspoint Academy,1B,2015,Triple Jump,1,398.75,
Curtis,4A,2015,Long Jump,2,204.25,
Curtis,4A,2015,Shot Put,1,413.5,
Curtis,4A,2015,Triple Jump,3,479.75,464.1666666666667
Davenport,2B,2015,High Jump,1,66.0,
Dayton,2B,2015,Long Jump,1,200.75,
Dayton,2B,2015,Triple Jump,1,407.0,
DeSales,2B,2015,Long Jump,1,240.0,
DeSales,2B,2015,Shot Put,1,382.25,
Decatur,4A,2015,Discus,2,1599.0,
Decatur,4A,2015,Shot Put,1,505.25,
Deer Park,1A,2015,Discus,2,1941.0,
Deer Park,1A,2015,High Jump,1,70.0,
Deer Park,1A,2015,Long Jump,2,196.25,
Deer Park,1A,2015,Shot Put,1,677.25,
Deer Park,1A,2015,Triple Jump,1,502.0,
East Valley-Spokane,2A,2015,Shot Put,1,395.0,
East Valley-Yakima,2A,2015,High Jump,1,7.0,
East Valley-Yakima,2A,2015,Long Jump,1,244.5,
Eastmont,4A,2015,Discus,1,1535.0,
Eastmont,4A,2015,Long Jump,2,240.5,
Eastmont,4A,2015,Shot Put,1,430.0,
Eastmont,4A,2015,Triple Jump,2,517.5,
Eastside Catholic,3A,2015,Shot Put,1,538.0,
Eastside Prep,1A,2015,High Jump,1,58.0,
Eatonville,1A,2015,Discus,2,1857.0,
Eatonville,1A,2015,High Jump,3,68.0,62.666666666666664
Eatonville,1A,2015,Long Jump,3,251.0,224.08333333333334
Eatonville,1A,2015,Shot Put,3,695.5,561.0833333333334
Eatonville,1A,2015,Triple Jump,1,489.75,
Edmonds-Woodway,3A,2015,High Jump,1,5.0,
Edmonds-Woodway,3A,2015,Shot Put,2,641.0,
Edmonds-Woodway,3A,2015,Triple Jump,1,491.5,
Eisenhower,4A,2015,Discus,1,1631.0,
Eisenhower,4A,2015,Shot Put,2,539.0,
Ellensburg,2A,2015,Discus,2,1319.0,
Ellensburg,2A,2015,High Jump,1,2.0,
Ellensburg,2A,2015,Long Jump,1,205.5,
Elma,1A,2015,Discus,1,1486.0,
Elma,1A,2015,High Jump,1,58.0,
Elma,1A,2015,Shot Put,1,407.0,
Elma,1A,2015,Triple Jump,1,410.75,
Entiat,1B,2015,High Jump,1,52.0,
Entiat,1B,2015,Long Jump,1,186.75,
Entiat,1B,2015,Triple Jump,2,492.25,
Enumclaw,3A,2015,Discus,1,1608.0,
Enumclaw,3A,2015,Shot Put,1,545.0,
Ephrata,2A,2015,High Jump,1,5.0,
Ephrata,2A,2015,Triple Jump,1,413.25,
Everett,3A,2015,Discus,1,1931.0,
Everett,3A,2015,Shot Put,1,627.25,
Evergreen Lutheran,1B,2015,Discus,1,1055.0,
Evergreen Lutheran,1B,2015,High Jump,4,66.0,60.0
Evergreen Lutheran,1B,2015,Long Jump,2,215.75,
Evergreen Lutheran,1B,2015,Shot Put,2,491.25,
Evergreen-Seattle,2A,2015,Discus,1,1555.0,
Evergreen-Seattle,2A,2015,Shot Put,1,482.0,
Evergreen-Seattle,2A,2015,Triple Jump,1,504.5,
Evergreen-Vancouver,4A,2015,High Jump,1,78.0,
Federal Way,4A,2015,High Jump,2,76.0,
Federal Way,4A,2015,Long Jump,2,269.5,
Federal Way,4A,2015,Triple Jump,2,571.0,
Fife,2A,2015,Discus,3,1271.0,1202.0
Fife,2A,2015,Shot Put,2,549.75,
Firm Found. Chr.,1B,2015,High Jump,1,62.0,
Firm Found. Chr.,1B,2015,Long Jump,1,226.0,
Forks,1A,2015,Discus,1,1570.0,
Foster,2A,2015,Discus,1,1543.0,
Franklin,3A,2015,High Jump,1,76.0,
Franklin Pierce,2A,2015,Discus,2,1620.0,
Franklin Pierce,2A,2015,Long Jump,2,251.75,
Franklin Pierce,2A,2015,Triple Jump,1,521.5,
Freeman,1A,2015,High Jump,1,68.0,
Freeman,1A,2015,Shot Put,1,599.25,
Gar.-Pal.-Oak.,2B,2015,High Jump,1,64.0,
Gig Harbor,4A,2015,Discus,2,1913.0,
Gig Harbor,4A,2015,Shot Put,3,631.75,378.5833333333333
Glacier Peak,3A,2015,Discus,1,1666.0,
Glacier Peak,3A,2015,High Jump,1,60.0,
Glacier Peak,3A,2015,Triple Jump,1,412.75,
Gonzaga Prep,4A,2015,High Jump,1,0.5,
Grace Academy,1B,2015,Triple Jump,2,453.5,
Graham-Kapowsin,4A,2015,High Jump,1,72.0,
Graham-Kapowsin,4A,2015,Shot Put,1,635.75,
Grandview,2A,2015,High Jump,1,2.0,
Granite Falls,2A,2015,High Jump,1,68.0,
Hanford,3A,2015,High Jump,2,74.0,
Hanford,3A,2015,Long Jump,1,238.75,
Hanford,3A,2015,Shot Put,1,448.0,
Hazen,3A,2015,Long Jump,1,192.5,
Hazen,3A,2015,Shot Put,1,596.0,
Hazen,3A,2015,Triple Jump,1,387.5,
Henry Foss,3A,2015,Long Jump,1,245.0,
Henry Jackson,4A,2015,Long Jump,1,224.25,
Highland,1A,2015,Long Jump,1,265.5,
Highland,1A,2015,Triple Jump,1,511.5,
Highline,2A,2015,Shot Put,1,407.0,
Hockinson,2A,2015,Discus,1,1301.0,
Holy Names Academy,3A,2015,Discus,1,1605.0,
Holy Names Academy,3A,2015,Shot Put,1,478.25,
Hoquiam,1A,2015,High Jump,1,74.0,
Hoquiam,1A,2015,Long Jump,2,253.5,
Hoquiam,1A,2015,Triple Jump,1,432.25,
Inchelium,1B,2015,High Jump,1,68.0,
Inchelium,1B,2015,Shot Put,1,437.25,
Inglemoor,4A,2015,Discus,2,1945.0,
Inglemoor,4A,2015,Long Jump,1,199.0,
Inglemoor,4A,2015,Shot Put,2,624.5,
Inglemoor,4A,2015,Triple Jump,2,530.25,
Ingraham,3A,2015,Triple Jump,1,403.75,
Interlake,3A,2015,Triple Jump,1,402.25,
Issaquah,4A,2015,High Jump,1,56.0,
Issaquah,4A,2015,Shot Put,1,406.0,
Issaquah,4A,2015,Triple Jump,1,527.5,
Joel Ferris,4A,2015,Discus,2,1931.0,
Joel Ferris,4A,2015,Long Jump,2,267.25,
Joel Ferris,4A,2015,Shot Put,2,649.5,
Joel Ferris,4A,2015,Triple Jump,2,544.0,
Juanita,3A,2015,Discus,3,1488.0,1371.3333333333333
Juanita,3A,2015,Long Jump,1,242.25,
Juanita,3A,2015,Shot Put,1,452.75,
Juanita,3A,2015,Triple Jump,1,499.5,
Kalama,1A,2015,Shot Put,1,422.25,
Kalama,1A,2015,Triple Jump,1,451.5,
Kamiak,4A,2015,Discus,2,1876.0,
Kamiakin,3A,2015,Discus,1,1981.0,
Kamiakin,3A,2015,High Jump,1,66.0,
Kamiakin,3A,2015,Long Jump,2,208.5,
Kamiakin,3A,2015,Shot Put,1,406.25,
Kamiakin,3A,2015,Triple Jump,2,457.5,
Kent Meridian,4A,2015,High Jump,1,2.0,
Kentlake,4A,2015,High Jump,1,3.0,
Kentridge,4A,2015,Long Jump,1,260.75,
Kentwood,4A,2015,Long Jump,2,276.75,
Kentwood,4A,2015,Triple Jump,1,463.25,
Kettle Falls,2B,2015,Triple Jump,2,484.0,
King's,1A,2015,High Jump,3,74.0,69.33333333333333
King's,1A,2015,Long Jump,1,204.0,
King's,1A,2015,Shot Put,1,428.0,
King's,1A,2015,Triple Jump,4,513.5,435.25
Kingston,2A,2015,High Jump,1,76.0,
Kiona-Benton,1A,2015,Discus,1,1207.0,
Kiona-Benton,1A,2015,Shot Put,1,365.5,
Kittitas,2B,2015,High Jump,2,68.0,
Kittitas,2B,2015,Long Jump,2,224.75,
Kittitas,2B,2015,Triple Jump,1,407.75,
Klickitat,1B,2015,Long Jump,2,223.5,
La Center,1A,2015,Discus,1,1444.0,
La Center,1A,2015,High Jump,1,74.0,
La Conner,2B,2015,Discus,2,1486.0,
La Conner,2B,2015,High Jump,2,70.0,
La Conner,2B,2015,Long Jump,2,229.0,
La Conner,2B,2015,Shot Put,2,470.75,
La Conner,2B,2015,Triple Jump,2,478.0,
La Salle,1A,2015,Discus,2,1744.0,
La Salle,1A,2015,Long Jump,2,219.25,
La Salle,1A,2015,Shot Put,2,556.5,
LaC.-Wash.-Kah.,1B,2015,Shot Put,1,338.5,
Lake Roosevelt,2B,2015,Discus,2,1366.0,
Lake Roosevelt,2B,2015,Shot Put,2,578.0,
Lake Stevens,4A,2015,Discus,1,1636.0,
Lake Stevens,4A,2015,High Jump,1,72.0,
Lake Stevens,4A,2015,Long Jump,1,194.25,
Lake Stevens,4A,2015,Shot Put,1,567.25,
Lake Washington,3A,2015,Discus,1,1474.0,
Lake Washington,3A,2015,High Jump,1,70.0,
Lake Washington,3A,2015,Long Jump,1,197.75,
Lake Washington,3A,2015,Triple Jump,1,422.0,
Lakes,3A,2015,Discus,1,1784.0,
Lakes,3A,2015,High Jump,1,3.0,
Lakeside,1A,2015,Discus,1,1489.0,
Lakeside,1A,2015,High Jump,2,60.0,
Lakeside,1A,2015,Triple Jump,1,437.75,
Lakeside,3A,2015,High Jump,1,62.0,
Lakeside,3A,2015,Shot Put,1,441.5,
Lakeside,3A,2015,Triple Jump,1,386.25,
Lakewood,2A,2015,Discus,1,1360.0,
Lakewood,2A,2015,Long Jump,2,240.25,
Lakewood,2A,2015,Shot Put,1,441.0,
Lakewood,2A,2015,Triple Jump,1,494.75,
Lewis and Clark,4A,2015,Long Jump,1,215.75,
Liberty (Spangle),2B,2015,Discus,1,979.0,
Liberty (Spangle),2B,2015,Long Jump,2,196.5,
Liberty (Spangle),2B,2015,Shot Put,2,533.75,
Liberty (Spangle),2B,2015,Triple Jump,1,432.5,
Liberty Bell,2B,2015,High Jump,1,56.0,
Life Chr.,2B,2015,Long Jump,1,194.0,
Life Chr.,2B,2015,Triple Jump,1,389.0,
Lincoln,3A,2015,High Jump,1,70.0,
Lincoln,3A,2015,Long Jump,1,264.25,
Lincoln,3A,2015,Shot Put,1,628.5,
Lincoln,3A,2015,Triple Jump,2,531.0,
Lind-Ritzville,2B,2015,Discus,1,1330.0,
Lind-Ritzville,2B,2015,Long Jump,1,242.5,
Lindbergh,2A,2015,Discus,1,1801.0,
Lindbergh,2A,2015,Long Jump,1,208.75,
Lindbergh,2A,2015,Shot Put,1,592.0,
Lindbergh,2A,2015,Triple Jump,1,428.75,
Lummi,1B,2015,High Jump,1,70.0,
Lummi,1B,2015,Long Jump,1,238.25,
Lummi,1B,2015,Shot Put,1,493.5,
Lyle/Wishram,1B,2015,Discus,2,1617.0,
Lyle/Wishram,1B,2015,Shot Put,3,571.0,415.9166666666667
Lynden,2A,2015,Long Jump,1,245.75,
Lynden,2A,2015,Triple Jump,1,498.75,
Lynden Christian,1A,2015,High Jump,1,62.0,
Lynden Christian,1A,2015,Long Jump,1,224.25,
Lynden Christian,1A,2015,Shot Put,1,514.25,
Lynnwood,3A,2015,High Jump,1,6.0,
Mabton,2B,2015,Triple Jump,1,467.25,
Mansfield,1B,2015,Long Jump,1,221.0,
Manson,2B,2015,Discus,2,1529.0,
Manson,2B,2015,Shot Put,1,520.0,
Mariner,4A,2015,Triple Jump,1,554.0,
Mark Morris,2A,2015,Triple Jump,1,396.75,
Mary Knight,1B,2015,Discus,2,1429.0,
Marysville Getchell,3A,2015,Long Jump,1,233.25,
Marysville-Pilchuck,3A,2015,Long Jump,1,206.5,
Marysville-Pilchuck,3A,2015,Triple Jump,1,522.25,
Mead,4A,2015,Triple Jump,1,433.75,
Mercer Island,3A,2015,Long Jump,1,193.0,
Meridian,1A,2015,Discus,1,1527.0,
Meridian,1A,2015,Long Jump,1,183.0,
Monroe,4A,2015,Triple Jump,1,410.75,
Montesano,1A,2015,Discus,1,1762.0,
Montesano,1A,2015,High Jump,2,70.0,
Montesano,1A,2015,Long Jump,1,191.5,
Montesano,1A,2015,Shot Put,2,639.5,
Montesano,1A,2015,Triple Jump,2,488.75,
Morton-White Pass,2B,2015,Discus,2,1719.0,
Morton-White Pass,2B,2015,Long Jump,1,197.5,
Morton-White Pass,2B,2015,Shot Put,1,560.25,
Morton-White Pass,2B,2015,Triple Jump,1,509.0,
Moses Lake,4A,2015,Discus,1,1459.0,
Moses Lake,4A,2015,Triple Jump,1,381.5,
Mossyrock,2B,2015,High Jump,2,66.0,
Mossyrock,2B,2015,Shot Put,2,380.5,
Mountain View,4A,2015,Long Jump,1,190.0,
Mountain View,4A,2015,Shot Put,1,602.75,
Mountlake Terrace,3A,2015,Discus,1,1451.0,
Mountlake Terrace,3A,2015,Long Jump,2,257.75,
Mountlake Terrace,3A,2015,Shot Put,1,457.75,
Mountlake Terrace,3A,2015,Triple Jump,1,1.4,
Mt Si,4A,2015,High Jump,1,62.0,
Mt Si,4A,2015,Shot Put,1,617.0,
Mt Spokane,3A,2015,Discus,2,2004.0,
Mt Spokane,3A,2015,Long Jump,1,236.5,
Mt Spokane,3A,2015,Shot Put,1,551.5,
Mt Spokane,3A,2015,Triple Jump,2,479.5,
Mt Tahoma,3A,2015,Long Jump,1,199.5,
Mt Tahoma,3A,2015,Triple Jump,1,417.75,
Mt Vernon,4A,2015,Shot Put,1,446.25,
Mt. Rainier Luth,1B,2015,High Jump,1,66.0,
Mt. Rainier Luth,1B,2015,Long Jump,1,239.5,
Mt. Rainier Luth,1B,2015,Triple Jump,1,476.25,
Mt. Vernon Ch,1B,2015,Discus,2,1516.0,
Mt. Vernon Ch,1B,2015,High Jump,1,66.0,
Mt. Vernon Ch,1B,2015,Long Jump,2,185.75,
Mt. Vernon Ch,1B,2015,Triple Jump,2,456.75,
Muckleshoot Tribal,1B,2015,Shot Put,1,420.0,
NW Chr. (Colb.),2B,2015,Discus,1,1059.0,
NW Chr. (Colb.),2B,2015,Long Jump,1,190.25,
NW Chr. (Lacey),2B,2015,High Jump,2,68.0,
NW Chr. (Lacey),2B,2015,Long Jump,1,180.0,
NW Chr. (Lacey),2B,2015,Triple Jump,2,472.75,
Naches Valley,1A,2015,Discus,1,1392.0,
Naches Valley,1A,2015,High Jump,2,64.0,
Naches Valley,1A,2015,Triple Jump,1,428.75,
Napavine,2B,2015,Discus,4,1771.0,1469.3333333333333
Napavine,2B,2015,Long Jump,1,177.25,
Napavine,2B,2015,Shot Put,1,637.25,
Napavine,2B,2015,Triple Jump,1,420.75,
Naselle,1B,2015,Discus,1,1182.0,
Naselle,1B,2015,High Jump,2,72.0,
Naselle,1B,2015,Long Jump,2,217.5,
Naselle,1B,2015,Shot Put,2,441.25,
Naselle,1B,2015,Triple Jump,3,479.5,429.4166666666667
Nathan Hale,3A,2015,High Jump,1,58.0,
Nathan Hale,3A,2015,Shot Put,1,540.0,
Neah Bay,1B,2015,Discus,1,1162.0,
Neah Bay,1B,2015,High Jump,1,64.0,
Neah Bay,1B,2015,Long Jump,1,239.75,
Neah Bay,1B,2015,Shot Put,1,414.25,
Neah Bay,1B,2015,Triple Jump,1,524.0,
Newport,1A,2015,Triple Jump,1,506.0,
Nooksack Valley,1A,2015,Discus,1,1301.0,
Nooksack Valley,1A,2015,Long Jump,1,250.75,
Nooksack Valley,1A,2015,Shot Put,2,545.25,
Nooksack Valley,1A,2015,Triple Jump,1,505.0,
North Beach,2B,2015,Discus,2,1912.0,
North Beach,2B,2015,Long Jump,1,250.0,
North Beach,2B,2015,Shot Put,5,645.5,624.0
North Central,3A,2015,Discus,1,1314.0,
North Kitsap,2A,2015,High Jump,1,64.0,
North Kitsap,2A,2015,Long Jump,1,244.75,
North Kitsap,2A,2015,Triple Jump,2,569.0,
North Mason,2A,2015,Discus,1,1096.0,
Northport,1B,2015,Discus,2,1360.0,
Northport,1B,2015,Long Jump,1,234.5,
Northport,1B,2015,Shot Put,1,396.0,
O'Dea,3A,2015,Discus,1,1733.0,
O'Dea,3A,2015,Shot Put,2,649.5,
Ocosta,2B,2015,High Jump,3,56.0,54.666666666666664
Ocosta,2B,2015,Long Jump,1,186.0,
Odessa-Harrington,1B,2015,Discus,3,1298.0,1138.6666666666667
Odessa-Harrington,1B,2015,High Jump,1,54.0,
Odessa-Harrington,1B,2015,Long Jump,2,250.5,
Odessa-Harrington,1B,2015,Shot Put,1,418.25,
Odessa-Harrington,1B,2015,Triple Jump,3,497.75,458.0
Okanogan,2B,2015,Discus,1,1473.0,
Okanogan,2B,2015,High Jump,3,72.0,62.666666666666664
Okanogan,2B,2015,Long Jump,2,224.75,
Okanogan,2B,2015,Shot Put,2,491.0,
Okanogan,2B,2015,Triple Jump,2,514.25,
Olympia,4A,2015,Discus,1,1148.0,
Olympic,2A,2015,Discus,1,1215.0,
Olympic,2A,2015,High Jump,1,1.0,
Olympic,2A,2015,Long Jump,3,195.25,129.70000000000002
Olympic,2A,2015,Shot Put,1,483.0,
Olympic,2A,2015,Triple Jump,4,569.75,503.5833333333333
Omak,1A,2015,Discus,1,1241.0,
Omak,1A,2015,Shot Put,1,447.75,
Pasco,4A,2015,Long Jump,1,212.5,
Pasco,4A,2015,Triple Jump,1,447.5,
Pe Ell,2B,2015,High Jump,1,66.0,
Pe Ell,2B,2015,Long Jump,1,249.0,
Peninsula,3A,2015,Discus,1,1574.0,
Peninsula,3A,2015,Long Jump,1,240.25,
Pomeroy,1B,2015,High Jump,2,66.0,
Pomeroy,1B,2015,Long Jump,2,227.25,
Pomeroy,1B,2015,Shot Put,1,323.5,
Pomeroy,1B,2015,Triple Jump,1,383.75,
Port Angeles,2A,2015,Shot Put,1,563.5,
Port Angeles,2A,2015,Triple Jump,1,407.75,
Port Townsend,1A,2015,Discus,1,1218.0,
Port Townsend,1A,2015,Triple Jump,1,473.25,
Prosser,2A,2015,Discus,1,1740.0,
Prosser,2A,2015,Shot Put,1,362.25,
Prosser,2A,2015,Triple Jump,1,520.75,
Pullman,2A,2015,High Jump,1,62.0,
Pullman,2A,2015,Long Jump,1,187.5,
Pullman,2A,2015,Shot Put,2,629.75,
Quincy,2A,2015,Discus,1,1647.0,
Quincy,2A,2015,Long Jump,1,196.75,
R A Long,2A,2015,Discus,1,1528.0,
R A Long,2A,2015,Long Jump,1,247.0,
R A Long,2A,2015,Shot Put,1,609.5,
Rainier,2B,2015,Discus,2,1253.0,
Rainier,2B,2015,Long Jump,1,216.25,
Rainier,2B,2015,Shot Put,1,461.75,
Rainier,2B,2015,Triple Jump,1,459.5,
Rainier Beach,3A,2015,Triple Jump,1,562.5,
Rainier Christian,1B,2015,Long Jump,1,165.0,
Raymond,2B,2015,Discus,1,1649.0,
Raymond,2B,2015,High Jump,2,73.0,
Raymond,2B,2015,Long Jump,1,272.75,
Raymond,2B,2015,Shot Put,1,392.75,
Raymond,2B,2015,Triple Jump,2,456.75,
Reardan,2B,2015,Shot Put,1,387.0,
Redmond,4A,2015,Long Jump,1,236.75,
Republic,1B,2015,Discus,1,1308.0,
Republic,1B,2015,High Jump,4,66.0,62.666666666666664
Richland,4A,2015,Long Jump,1,239.0,
Ridgefield,2A,2015,High Jump,1,56.0,
River Ridge,2A,2015,High Jump,2,74.0,
River Ridge,2A,2015,Long Jump,2,257.5,
River Ridge,2A,2015,Shot Put,1,444.0,
River View,1A,2015,High Jump,2,72.0,
River View,1A,2015,Long Jump,2,256.75,
Riverside Christian,1B,2015,High Jump,2,74.0,
Riverside Christian,1B,2015,Long Jump,1,178.5,
Rogers-Puyallup,4A,2015,Long Jump,1,214.5,
Roosevelt,3A,2015,Discus,1,1032.0,
Royal,1A,2015,Long Jump,2,257.5,
Royal,1A,2015,Triple Jump,2,533.0,
Seattle Academy,1A,2015,High Jump,1,76.0,
Seattle Academy,1A,2015,Long Jump,1,255.75,
Seattle Christian,1A,2015,Long Jump,2,236.75,
Seattle Lutheran,1B,2015,Long Jump,1,166.0,
Seattle Lutheran,1B,2015,Triple Jump,1,342.0,
Seattle Prep,3A,2015,Discus,1,1456.0,
Seattle Prep,3A,2015,Long Jump,2,272.0,
Sehome,2A,2015,Discus,4,1869.0,1701.3333333333333
Sehome,2A,2015,High Jump,1,63.0,
Sehome,2A,2015,Long Jump,1,182.75,
Sehome,2A,2015,Shot Put,4,718.0,647.9166666666666
Sehome,2A,2015,Triple Jump,2,417.0,
Selah,2A,2015,High Jump,1,58.0,
Selkirk,1B,2015,Long Jump,1,169.25,
Selkirk,1B,2015,Triple Jump,1,449.25,
Sequim,2A,2015,High Jump,1,7.0,
Sequim,2A,2015,Long Jump,1,181.75,
Sequim,2A,2015,Triple Jump,1,506.25,
Seton Catholic,1A,2015,Triple Jump,1,481.0,
Shadle Park,3A,2015,High Jump,1,72.0,
Shelton,3A,2015,Discus,1,1877.0,
Shelton,3A,2015,Shot Put,1,576.0,
Shorecrest,2A,2015,High Jump,1,65.0,
Shorecrest,2A,2015,Long Jump,2,243.75,
Shorewood,3A,2015,High Jump,1,4.0,
Shorewood Christian,1B,2015,Discus,2,1283.0,
Shorewood Christian,1B,2015,Shot Put,2,472.5,
Skyline,4A,2015,Discus,1,1519.0,
Skyline,4A,2015,Long Jump,1,189.5,
Skyline,4A,2015,Shot Put,1,454.5,
Skyline,4A,2015,Triple Jump,1,493.0,
Skyview,4A,2015,Discus,1,1812.0,
Skyview,4A,2015,High Jump,2,64.0,
Skyview,4A,2015,Long Jump,2,259.5,
Skyview,4A,2015,Shot Put,1,611.75,
Skyview,4A,2015,Triple Jump,1,506.5,
Snohomish,4A,2015,Discus,2,1244.0,
Snohomish,4A,2015,High Jump,1,65.0,
Snohomish,4A,2015,Long Jump,1,202.75,
Snohomish,4A,2015,Triple Jump,1,434.0,
Soap Lake,2B,2015,Long Jump,1,178.5,
South Bend,2B,2015,Long Jump,2,237.25,
South Bend,2B,2015,Triple Jump,2,435.75,
South Kitsap,4A,2015,Discus,3,1980.0,1534.6666666666667
South Kitsap,4A,2015,Long Jump,1,253.5,
South Kitsap,4A,2015,Shot Put,1,693.25,
South Kitsap,4A,2015,Triple Jump,1,531.25,
South Whidbey,1A,2015,Discus,1,1274.0,
Spanaway Lake,4A,2015,Shot Put,1,468.0,
Spanaway Lake,4A,2015,Triple Jump,1,500.0,
Squalicum,2A,2015,Triple Jump,3,501.5,468.4166666666667
St. John-Endicott,1B,2015,Long Jump,2,249.0,
St. John-Endicott,1B,2015,Shot Put,1,370.25,
St. John-Endicott,1B,2015,Triple Jump,2,481.75,
Stanwood,3A,2015,High Jump,1,68.0,
Steilacoom,2A,2015,Discus,1,1090.0,
Steilacoom,2A,2015,Shot Put,2,630.5,
Stevenson,1A,2015,Long Jump,2,236.5,
Stevenson,1A,2015,Triple Jump,1,426.0,
Sultan,1A,2015,Discus,1,1048.0,
Sumner,3A,2015,High Jump,1,78.0,
Sumner,3A,2015,Shot Put,1,446.75,
Taholah,1B,2015,Discus,1,1518.0,
Taholah,1B,2015,Shot Put,2,560.25,
Tahoma,4A,2015,Discus,3,1798.0,1623.0
Tahoma,4A,2015,Long Jump,2,262.5,
Tahoma,4A,2015,Shot Put,2,646.75,
Tekoa-Rosalia,2B,2015,High Jump,1,63.0,
Tekoa-Rosalia,2B,2015,Triple Jump,2,460.0,
Tenino,1A,2015,Discus,1,1376.0,
Tenino,1A,2015,Shot Put,1,567.5,
Thomas Jefferson,4A,2015,High Jump,1,1.0,
Thorp-Easton,1B,2015,Shot Put,1,464.25,
Thorp-Easton,1B,2015,Triple Jump,2,370.75,
Timberline,4A,2015,High Jump,1,5.0,
Timberline,4A,2015,Triple Jump,1,562.0,
Todd Beamer,4A,2015,Triple Jump,1,443.5,
Toledo,2B,2015,High Jump,1,76.0,
Toledo,2B,2015,Shot Put,1,418.5,
Toledo,2B,2015,Triple Jump,2,443.75,
Tonasket,2B,2015,Long Jump,3,244.25,225.16666666666666
Tonasket,2B,2015,Triple Jump,4,501.75,455.5
Toutle Lake,2B,2015,Discus,1,1479.0,
Toutle Lake,2B,2015,High Jump,1,58.0,
Toutle Lake,2B,2015,Shot Put,1,450.25,
Trout Lake,1B,2015,High Jump,1,56.0,
Trout Lake,1B,2015,Long Jump,1,182.5,
Trout Lake,1B,2015,Triple Jump,2,457.5,
Tumwater,2A,2015,Long Jump,3,231.0,212.75
Tumwater,2A,2015,Triple Jump,3,473.75,307.23333333333335
Union,4A,2015,Discus,1,1742.0,
Union,4A,2015,High Jump,1,58.0,
Union,4A,2015,Long Jump,1,0.5,
Union,4A,2015,Triple Jump,2,425.5,
University,4A,2015,High Jump,1,80.0,
Valley Christian,1B,2015,Discus,1,969.0,
Valley Christian,1B,2015,High Jump,1,61.0,
Valley Christian,1B,2015,Shot Put,1,454.0,
Vashon Island,1A,2015,Long Jump,1,191.0,
Vashon Island,1A,2015,Triple Jump,1,397.25,
W F West,2A,2015,High Jump,1,3.0,
W F West,2A,2015,Shot Put,1,408.25,
Waitsburg-Prescott,2B,2015,Discus,1,1744.0,
Waitsburg-Prescott,2B,2015,High Jump,1,62.0,
Waitsburg-Prescott,2B,2015,Long Jump,2,243.25,
Waitsburg-Prescott,2B,2015,Triple Jump,2,493.5,
Walla Walla,4A,2015,Discus,1,1570.0,
Walla Walla,4A,2015,Shot Put,1,468.25,
Wapato,2A,2015,Long Jump,1,251.25,
Wapato,2A,2015,Shot Put,1,628.75,
Wapato,2A,2015,Triple Jump,1,405.0,
Washougal,2A,2015,Discus,2,1898.0,
Washougal,2A,2015,Shot Put,3,578.75,518.5
Waterville,2B,2015,High Jump,1,60.0,
Wellpinit,1B,2015,Discus,1,1388.0,
Wellpinit,1B,2015,High Jump,1,66.0,
Wellpinit,1B,2015,Triple Jump,1,439.0,
Wenatchee,4A,2015,Discus,1,1748.0,
Wenatchee,4A,2015,High Jump,2,3.0,
Wenatchee,4A,2015,Long Jump,1,183.0,
Wenatchee,4A,2015,Shot Put,1,537.75,
Wenatchee,4A,2015,Triple Jump,1,404.0,
West Seattle,3A,2015,Long Jump,1,235.75,
West Seattle,3A,2015,Shot Put,1,381.75,
West Seattle,3A,2015,Triple Jump,1,405.5,
West Valley-Spokane,2A,2015,Discus,1,1849.0,
West Valley-Spokane,2A,2015,Shot Put,1,612.25,
White Swan,2B,2015,Shot Put,1,419.75,
Wilbur-Creston,2B,2015,Discus,1,1125.0,
Wilbur-Creston,2B,2015,High Jump,2,60.0,
Wilbur-Creston,2B,2015,Shot Put,1,522.5,
Willapa Valley,2B,2015,Discus,1,1376.0,
Willapa Valley,2B,2015,Triple Jump,1,388.75,
Wilson Creek,1B,2015,Discus,1,1152.0,
Wilson Creek,1B,2015,Shot Put,1,412.75,
Wishkah Valley,1B,2015,High Jump,1,62.0,
Wishkah Valley,1B,2015,Long Jump,1,156.0,
Wishkah Valley,1B,2015,Triple Jump,1,448.5,
Woodland,2A,2015,Discus,2,1293.0,
Woodland,2A,2015,Long Jump,2,263.75,
Woodland,2A,2015,Triple Jump,1,514.0,
Woodrow Wilson,3A,2015,Triple Jump,2,505.25,
Yakama Nat. Tri.,1B,2015,Discus,2,927.0,
Yakama Nat. Tri.,1B,2015,Shot Put,1,391.25,
Yelm,4A,2015,Discus,1,1888.0,
Yelm,4A,2015,Long Jump,1,264.0,
Zillah,1A,2015,Discus,1,1636.0,
Zillah,1A,2015,High Jump,1,72.0,
Zillah,1A,2015,Long Jump,1,254.25,
Zillah,1A,2015,Shot Put,3,516.0,413.0
Zillah,1A,2015,Triple Jump,2,501.0,
